[{"id":5,"nombre":"Discovery One","descripcion":"Exploración Lejana","categoria":"EXPLORACION","capacidadTripulacion":4},{"id":1,"nombre":"USS Enterprise","descripcion":"Exploración","categoria":"EXPLORACION","capacidadTripulacion":10},{"id":2,"nombre":"Millennium Falcon","descripcion":"Carga y Transporte","categoria":"CARGA","capacidadTripulacion":15},{"id":6,"nombre":"Nebulon-B Frigate","descripcion":"Soporte militar","categoria":"MILITAR","capacidadTripulacion":200},{"id":4,"nombre":"X-Wing","descripcion":"Combate y Reconocimiento","categoria":"MILITAR","capacidadTripulacion":400},{"id":3,"nombre":"TIE Fighter","descripcion":"Combate Espacial","categoria":"MILITAR","capacidadTripulacion":2000}]